<?xml version="1.0" ?>
<LOG_ROOT>
	<PROJECT NAME="lab8_usb">
		<CBX_INST_ENTRY INSTANCE_NAME="|lab8_usb|usb_system:usbsys_instance|usb_system_cpu:cpu|usb_system_cpu_register_bank_a_module:usb_system_cpu_register_bank_a|altsyncram:the_altsyncram" CBX_FILE_NAME="altsyncram_fgg1.tdf"/>
		<CBX_INST_ENTRY INSTANCE_NAME="|lab8_usb|usb_system:usbsys_instance|usb_system_jtag_uart:jtag_uart|usb_system_jtag_uart_scfifo_w:the_usb_system_jtag_uart_scfifo_w|scfifo:wfifo" CBX_FILE_NAME="scfifo_jr21.tdf"/>
		<CBX_INST_ENTRY INSTANCE_NAME="|lab8_usb|usb_system:usbsys_instance|usb_system_jtag_uart:jtag_uart|usb_system_jtag_uart_scfifo_r:the_usb_system_jtag_uart_scfifo_r|scfifo:rfifo" CBX_FILE_NAME="scfifo_jr21.tdf"/>
		<CBX_INST_ENTRY INSTANCE_NAME="|lab8_usb|usb_system:usbsys_instance|altera_avalon_mm_clock_crossing_bridge:clock_crossing_io|altera_avalon_dc_fifo:cmd_fifo|altsyncram:mem_rtl_0" CBX_FILE_NAME="altsyncram_evc1.tdf"/>
		<CBX_INST_ENTRY INSTANCE_NAME="|lab8_usb|usb_system:usbsys_instance|usb_system_cpu:cpu|usb_system_cpu_register_bank_b_module:usb_system_cpu_register_bank_b|altsyncram:the_altsyncram" CBX_FILE_NAME="altsyncram_ggg1.tdf"/>
		<CBX_INST_ENTRY INSTANCE_NAME="|lab8_usb|usb_system:usbsys_instance|usb_system_cpu:cpu|usb_system_cpu_nios2_oci:the_usb_system_cpu_nios2_oci|usb_system_cpu_nios2_ocimem:the_usb_system_cpu_nios2_ocimem|usb_system_cpu_ociram_sp_ram_module:usb_system_cpu_ociram_sp_ram|altsyncram:the_altsyncram" CBX_FILE_NAME="altsyncram_2n81.tdf"/>
		<CBX_INST_ENTRY INSTANCE_NAME="|lab8_usb|usb_system:usbsys_instance|altera_avalon_mm_clock_crossing_bridge:clock_crossing_io|altera_avalon_dc_fifo:rsp_fifo|altsyncram:mem_rtl_0" CBX_FILE_NAME="altsyncram_e3d1.tdf"/>
	</PROJECT>
</LOG_ROOT>
